xmin,ymin,xmax,ymax,accident_count,west,south,east,north
429900,433200,430900,434200,452,-1.5475847661217783,53.79425712927811,-1.5323049013564642,53.80318659138227
