morans_I,expected_I,p_sim,z_sim,permutations
0.14371938646203747,-0.000722543352601156,0.001,5.524056982063571,999
